BLOCK_ID,BLOCK_TIMESTAMP,NETWORK,CHAIN_ID,BLOCK_HEIGHT,BLOCK_HASH,PREVIOUS_BLOCK_ID,PREVIOUS_BLOCK_HASH,FACT_BLOCKS_ID,INSERTED_TIMESTAMP,MODIFIED_TIMESTAMP
98507116,2021-09-26 22:01:36.000,mainnet,solana,88189105,9cspj6KpuYHyk8PFrCycE1eUH7jBZrik1S3TTKzGiLFZ,98507115,3ARs1Q5zwdEQfnJQoVXBummcNRhRXD4uh6DhyBik6mUj,c8acb1a3e2a20e97cf26090ba5c2b04b,2000-01-01 00:00:00.000,2000-01-01 00:00:00.000
98507117,2021-09-26 22:01:37.000,mainnet,solana,88189106,HsrUjxEebehGAk7ZLXsyErut3tTdmKkrM4x1EGmT2X3x,98507116,9cspj6KpuYHyk8PFrCycE1eUH7jBZrik1S3TTKzGiLFZ,cd04f31f45c045c6229b5d4080d0cfbf,2000-01-01 00:00:00.000,2000-01-01 00:00:00.000
98507118,2021-09-26 22:01:37.000,mainnet,solana,88189107,3je7cfNJ6SxzD4YxRixYR9ae59S5v1rGHZTgVYW76bYr,98507117,HsrUjxEebehGAk7ZLXsyErut3tTdmKkrM4x1EGmT2X3x,f412062e54ec4c8e50d1d4c7a6b1606b,2000-01-01 00:00:00.000,2000-01-01 00:00:00.000
98507119,2021-09-26 22:01:38.000,mainnet,solana,88189108,9FbcArYPnR3DhsyH1W9NhZGmP4wgoxXxAKW71tZ26GD1,98507118,3je7cfNJ6SxzD4YxRixYR9ae59S5v1rGHZTgVYW76bYr,e112250ce24ef0fce1f1731eb5ed1a02,2000-01-01 00:00:00.000,2000-01-01 00:00:00.000
98507123,2021-09-26 22:01:39.000,mainnet,solana,88189112,ExBp74Srcx2HkPob7PNvn3ruutyXxTd12JCKrB8ssatz,98507122,Eatkj1FGPYHsYTo5paGZhrPU2KpGpttkRP1oU3rzX418,aecd338f613c26731fb13a1d94233063,2000-01-01 00:00:00.000,2000-01-01 00:00:00.000
98507125,2021-09-26 22:01:40.000,mainnet,solana,88189114,GGVrueEq2ZHx34UoJbo7spTGNX1R94jPuFu8Az3zagC5,98507124,9LSPLAYEH4LsncPEM9o7rZVhnjPqSptyefGBeKnh9iUK,047afb0f29d0dfdddb1d32044c80d1d1,2000-01-01 00:00:00.000,2000-01-01 00:00:00.000
98507126,2021-09-26 22:01:41.000,mainnet,solana,88189115,C1xcTmLYHZcXEMsHD1b5Y4QAZt9CbJ68Xz5Y6XmbQmPk,98507125,GGVrueEq2ZHx34UoJbo7spTGNX1R94jPuFu8Az3zagC5,a8a7224b89b3ec1a0ce392915b8de813,2000-01-01 00:00:00.000,2000-01-01 00:00:00.000
98507127,2021-09-26 22:01:41.000,mainnet,solana,88189116,9mGjFXkr67M2fEi4xvWPnT3xp35YvUkVoAFDgZFZGzMW,98507126,C1xcTmLYHZcXEMsHD1b5Y4QAZt9CbJ68Xz5Y6XmbQmPk,c253e2b2db2f5d5482165548c554626b,2000-01-01 00:00:00.000,2000-01-01 00:00:00.000
98507128,2021-09-26 22:01:42.000,mainnet,solana,88189117,FbMHaTnbCFoy9yNwzd4rezoiZejaujfkMJFygwc3cJp1,98507127,9mGjFXkr67M2fEi4xvWPnT3xp35YvUkVoAFDgZFZGzMW,d032fd3004f4e764fed0ce0998111480,2000-01-01 00:00:00.000,2000-01-01 00:00:00.000
98507129,2021-09-26 22:01:43.000,mainnet,solana,88189118,5jJLrfNStGRgZAMoX5m9c1M6qguyH9URvfZnWDXcXiPg,98507128,FbMHaTnbCFoy9yNwzd4rezoiZejaujfkMJFygwc3cJp1,54227590c4d2dd86572b7aea1478084b,2000-01-01 00:00:00.000,2000-01-01 00:00:00.000
98507130,2021-09-26 22:01:43.000,mainnet,solana,88189119,8DeLQa1MPSzEJZv8sEqaGNZLhqGYLDfoLWhE4BN9mmYg,98507129,5jJLrfNStGRgZAMoX5m9c1M6qguyH9URvfZnWDXcXiPg,478bd442206a74783439836bbf7f76a7,2000-01-01 00:00:00.000,2000-01-01 00:00:00.000
98507131,2021-09-26 22:01:43.000,mainnet,solana,88189120,GrnNr8NXA3eeTyHxsgfZ6Zp8LnvTY1UNeDv5tD3i4EGY,98507130,8DeLQa1MPSzEJZv8sEqaGNZLhqGYLDfoLWhE4BN9mmYg,d09d3e3604b0e577a9e4363422e9fae4,2000-01-01 00:00:00.000,2000-01-01 00:00:00.000
98507133,2021-09-26 22:01:44.000,mainnet,solana,88189122,5b4JkHTSoAVA1vDZ9MFHkiqkHm7EDQnqXLD9NyR3yp7P,98507132,67x5RKj8VAAk3wGi1MiwbR4b8st1sCWTSDpBmGwgQ2rW,7f4ebe970b04943945ef8dcfbc3ec154,2000-01-01 00:00:00.000,2000-01-01 00:00:00.000
98507135,2021-09-26 22:01:45.000,mainnet,solana,88189124,5jrRgWyoPu7vATtDwHQxKTQ3GnYPHwrUzvVMQPAtCL5,98507134,6bNV8kUC5aDNk5MtotVcXxfsDr9tTHcFD2RrTjkLUcUh,1234e20ca68aeee007aa7a576f1395c0,2000-01-01 00:00:00.000,2000-01-01 00:00:00.000
98507136,2021-09-26 22:01:46.000,mainnet,solana,88189125,GgPFePzQdkpqC9vnAnXXBJpZNBGCSHst9vPhfznwyYim,98507135,5jrRgWyoPu7vATtDwHQxKTQ3GnYPHwrUzvVMQPAtCL5,6f76b1ac8a3fabc96de59d99015d63ac,2000-01-01 00:00:00.000,2000-01-01 00:00:00.000
98506910,2021-09-26 21:59:46.000,mainnet,solana,88188910,6fhavwQW14sErT2zeAH2XPxGWptQ8fZPdJgKgF68Y1z6,98506909,FrFUVyQXqith44e5kSr4CdFFF183bq4fXn6AcMwHnkKi,9aeb1c749dac8437032a29b6fbdb6503,2000-01-01 00:00:00.000,2000-01-01 00:00:00.000
98507066,2021-09-26 22:01:08.000,mainnet,solana,88189055,3KhuVuY8SuTK2g8hP81bPTLUaQdaJt8iPDx1aqVEvFiK,98507065,6TfETzA94pXAoY5A2eeT2mNXWgZ1tmYixyjoRsgq3Rpk,97c01c798ac6bdf1f0598e4ca73fbf33,2000-01-01 00:00:00.000,2000-01-01 00:00:00.000
98507067,2021-09-26 22:01:09.000,mainnet,solana,88189056,E6tF4WnRaoMSf4ByQeTfKdJpforSguh26adnZhR82R38,98507066,3KhuVuY8SuTK2g8hP81bPTLUaQdaJt8iPDx1aqVEvFiK,04a3ed95d84775e9e036e56eee593298,2000-01-01 00:00:00.000,2000-01-01 00:00:00.000
98507069,2021-09-26 22:01:10.000,mainnet,solana,88189058,9XJAc7Gc68jNHicvrtt7eyAr5ZmtSwEFUwVGL5sp4dsa,98507068,BoHVxQFTGHnx1Dh32bw7bsKf3XNvwQhPj9DxWTc6KcU4,054ecb966a6836250bb745a69a9e5c28,2000-01-01 00:00:00.000,2000-01-01 00:00:00.000
98507070,2021-09-26 22:01:11.000,mainnet,solana,88189059,Hxg2oGB1YxvaXeZ3XDr7ygVCGv2nCx2ad13jNbVaRHAu,98507069,9XJAc7Gc68jNHicvrtt7eyAr5ZmtSwEFUwVGL5sp4dsa,19e3ace4b5c45cde0b07035c1c1dbf28,2000-01-01 00:00:00.000,2000-01-01 00:00:00.000
98507071,2021-09-26 22:01:11.000,mainnet,solana,88189060,BRC5BVM6kSavsYh1D5Q9tJRiTbmrnjUw3vTNk1YgaeQj,98507070,Hxg2oGB1YxvaXeZ3XDr7ygVCGv2nCx2ad13jNbVaRHAu,8a1d5d7309b849ede15848aba30ed0b8,2000-01-01 00:00:00.000,2000-01-01 00:00:00.000
98507072,2021-09-26 22:01:12.000,mainnet,solana,88189061,5T9e5yieKRtCzUwfgbTaRTsQBQacNTD4FaKVLVApCJA2,98507071,BRC5BVM6kSavsYh1D5Q9tJRiTbmrnjUw3vTNk1YgaeQj,3895b579115da9c08abbc3dfc5c97f15,2000-01-01 00:00:00.000,2000-01-01 00:00:00.000
98507073,2021-09-26 22:01:13.000,mainnet,solana,88189062,FMtg2hJwMnvjsiFzQHuXRnZLPuo2bAJmRyEHxtut72w8,98507072,5T9e5yieKRtCzUwfgbTaRTsQBQacNTD4FaKVLVApCJA2,d43dd15544ba61cf5871765e08677a02,2000-01-01 00:00:00.000,2000-01-01 00:00:00.000
98507074,2021-09-26 22:01:13.000,mainnet,solana,88189063,4KP29dHEVYZbUyZU9dJfx89vLHbsv45iixXL5wFghg1z,98507073,FMtg2hJwMnvjsiFzQHuXRnZLPuo2bAJmRyEHxtut72w8,c3997675f6b4197d4b66796234c7acbd,2000-01-01 00:00:00.000,2000-01-01 00:00:00.000
98507076,2021-09-26 22:01:14.000,mainnet,solana,88189065,E3xo2MkM9WPbJ2D89kYsn3rnxX3apAVfrVUG6JHA9gn8,98507075,Csys3n9cFbMZPdMAWRRtunitekpuwJeS6y5wRnfzAVfg,b59f89afac8a6594be1aa881ffbec4f6,2000-01-01 00:00:00.000,2000-01-01 00:00:00.000
98507077,2021-09-26 22:01:14.000,mainnet,solana,88189066,Gj3GRzzwgHmMLVS34CmY7nbUqFHM8quXyqQqHAu9YoU2,98507076,E3xo2MkM9WPbJ2D89kYsn3rnxX3apAVfrVUG6JHA9gn8,e406584c6b989d81ab689e40b2e7fd3b,2000-01-01 00:00:00.000,2000-01-01 00:00:00.000
98507078,2021-09-26 22:01:15.000,mainnet,solana,88189067,7Z7iNWJjPw3guGbzCaBWXWHN284L2BuC2bZUCWQFfgZV,98507077,Gj3GRzzwgHmMLVS34CmY7nbUqFHM8quXyqQqHAu9YoU2,82596e8da56658b43ea01f577c1a0295,2000-01-01 00:00:00.000,2000-01-01 00:00:00.000
98507079,2021-09-26 22:01:16.000,mainnet,solana,88189068,JBuH2Amk6TZDLkM87tCyiv24oE5sqUAqRFbv1DbVxoTv,98507078,7Z7iNWJjPw3guGbzCaBWXWHN284L2BuC2bZUCWQFfgZV,aa2d31f7696ae8797d35095011dff003,2000-01-01 00:00:00.000,2000-01-01 00:00:00.000
98507080,2021-09-26 22:01:16.000,mainnet,solana,88189069,2BaPi3EbFhM8r32h9XtqzZB5wydGksofU2PJvws2ouRu,98507079,JBuH2Amk6TZDLkM87tCyiv24oE5sqUAqRFbv1DbVxoTv,5c471cac9aa704aa3188cb08a7bc674a,2000-01-01 00:00:00.000,2000-01-01 00:00:00.000
98506681,2021-09-26 21:57:51.000,mainnet,solana,88188690,C72qDDQyomdHu5P2UTcqFt6ADUomvxPqQNhHUb2N8UGz,98506680,gqLMdN7FdSxkPLbbY2qtF5C68kSqwaro7jWnYBY7Ect,889b3a4a3bca4914dd0c1687b61456d5,2000-01-01 00:00:00.000,2000-01-01 00:00:00.000
98506684,2021-09-26 21:57:52.000,mainnet,solana,88188693,8MRaDtLXBb2q2fzeeD1GNQi4GbKeFB1XJGfXHACuWYgU,98506683,9XThkY14Rst23mkSzVAGsKy7WCAmp7bTec8krUj9RBji,415e4c01b5668c1b2589b92b66d627ee,2000-01-01 00:00:00.000,2000-01-01 00:00:00.000
98506685,2021-09-26 21:57:52.000,mainnet,solana,88188694,2yizUF6qEhVmomZbTKqBPVQWdDeUfp1LYnWxA3p2kS5B,98506684,8MRaDtLXBb2q2fzeeD1GNQi4GbKeFB1XJGfXHACuWYgU,efc657c1573a53753f185a92e1c28369,2000-01-01 00:00:00.000,2000-01-01 00:00:00.000
98506686,2021-09-26 21:57:53.000,mainnet,solana,88188695,9f6tMsnZ2Q6SN1EhE8n3FXwupFvDyGhPnbnEWhDz9vtL,98506685,2yizUF6qEhVmomZbTKqBPVQWdDeUfp1LYnWxA3p2kS5B,bc96c63020f458cf450d828b7f253821,2000-01-01 00:00:00.000,2000-01-01 00:00:00.000
98506687,2021-09-26 21:57:54.000,mainnet,solana,88188696,74jdCAdHpgXkkq2Py4uwhjZZp1bK9trh1A6oNTWyRhUC,98506686,9f6tMsnZ2Q6SN1EhE8n3FXwupFvDyGhPnbnEWhDz9vtL,70d4216bb1ecbcc98f429eabe1de40cc,2000-01-01 00:00:00.000,2000-01-01 00:00:00.000
98506689,2021-09-26 21:57:54.000,mainnet,solana,88188698,9deEChFEzDGwtJpVgEmaHB5f8BgyPhqbXhNVyfni5jbi,98506688,7zoHNVqtpLtMAAcNrjSzLgW4YVDSRvvAYpgsXojUChUA,a93d9da3ad49354eec5a33b8ee5ee3e3,2000-01-01 00:00:00.000,2000-01-01 00:00:00.000
98506690,2021-09-26 21:57:55.000,mainnet,solana,88188699,Gbns9S1efy5DgvJRUjzixTxRxeNCFhiLj4AZgexYkMxR,98506689,9deEChFEzDGwtJpVgEmaHB5f8BgyPhqbXhNVyfni5jbi,78dd329c10b84cf32286122f1b3d5ae6,2000-01-01 00:00:00.000,2000-01-01 00:00:00.000
98506691,2021-09-26 21:57:55.000,mainnet,solana,88188700,Cfcfx3TmWK2JXS34Pgxzq4khDJziKCoUbEQv9LDfG7fs,98506690,Gbns9S1efy5DgvJRUjzixTxRxeNCFhiLj4AZgexYkMxR,fcf02bdb394c75da11d2d23205e0565d,2000-01-01 00:00:00.000,2000-01-01 00:00:00.000
98506692,2021-09-26 21:57:56.000,mainnet,solana,88188701,F17puyjUHLFohY8t3BScXii5CS7382sYw8EiRt6gecov,98506691,Cfcfx3TmWK2JXS34Pgxzq4khDJziKCoUbEQv9LDfG7fs,caa1995944e88bb6b31c64454cd0c4d8,2000-01-01 00:00:00.000,2000-01-01 00:00:00.000
98506693,2021-09-26 21:57:56.000,mainnet,solana,88188702,gq35hWSP8Qi4Azm33ZH4QVsGvM3EstW7ATckmLpWnUq,98506692,F17puyjUHLFohY8t3BScXii5CS7382sYw8EiRt6gecov,77b50055f71556fd37247e5e2678681b,2000-01-01 00:00:00.000,2000-01-01 00:00:00.000
98506694,2021-09-26 21:57:57.000,mainnet,solana,88188703,EQiLKYH8rGacJGDC5LspjgcnEHSEzdLovUFdCdVx1DJk,98506693,gq35hWSP8Qi4Azm33ZH4QVsGvM3EstW7ATckmLpWnUq,ef6cc83a4201d92ea6423fa0a6ef6c70,2000-01-01 00:00:00.000,2000-01-01 00:00:00.000
98506695,2021-09-26 21:57:57.000,mainnet,solana,88188704,G6YRt2KszdSZ1pQav5NTH6jpPAFnGerRUqPjLXFNDuLg,98506694,EQiLKYH8rGacJGDC5LspjgcnEHSEzdLovUFdCdVx1DJk,c394a85b33ea1759269bec691280c70b,2000-01-01 00:00:00.000,2000-01-01 00:00:00.000
98506697,2021-09-26 21:57:59.000,mainnet,solana,88188706,3TGDhrVmGLppr81ZEZMg3ZHWffb3WoPV7DqwrsX1pBWK,98506696,3Uju5wbohRVrjCzAnF1B64DmFJcRCcGkXFwdyYEGhNKV,64a4e8d25a1f24e44da5cb28d21b93e4,2000-01-01 00:00:00.000,2000-01-01 00:00:00.000
98506700,2021-09-26 21:58:00.000,mainnet,solana,88188709,8fsZwsZuzGCmjjojM2CJabSy3NePDKbcyTjnCqneZGpC,98506699,3hRaLJKs819wwGv9LuV1wCNjPfdnXRF8Bzj3rhgciBJS,b732ebaf998f3f57b5284dbfc5545868,2000-01-01 00:00:00.000,2000-01-01 00:00:00.000
98507099,2021-09-26 22:01:27.000,mainnet,solana,88189088,4FA5bU8K3iA3CZdvFdvDhFxvtbJcYKJkCju3jTQBT1YC,98507098,ApdshFQwPJiLDfwfovQ3h5aWiABRKTRdni7CjZGwHqAd,3c40d92359d94740ad58c5d5cbe976af,2000-01-01 00:00:00.000,2000-01-01 00:00:00.000
98507100,2021-09-26 22:01:28.000,mainnet,solana,88189089,BMD1dGSvFxVCTkaxWrfecdaPdPkmtkZRJTy42bvQEssB,98507099,4FA5bU8K3iA3CZdvFdvDhFxvtbJcYKJkCju3jTQBT1YC,689a8b4db1da866526fe50b202f25c25,2000-01-01 00:00:00.000,2000-01-01 00:00:00.000
98507101,2021-09-26 22:01:29.000,mainnet,solana,88189090,4DuN4d67TmfpuQoJPseAcJ565z9NW4FfdiURS8JuEqm2,98507100,BMD1dGSvFxVCTkaxWrfecdaPdPkmtkZRJTy42bvQEssB,a1b413943db8da8136b9c7b3a8e7f47b,2000-01-01 00:00:00.000,2000-01-01 00:00:00.000
98507102,2021-09-26 22:01:30.000,mainnet,solana,88189091,4ut51X8ouZiwLX6a7fEg8B3uKgbRvmykMJjmH2qKhhHr,98507101,4DuN4d67TmfpuQoJPseAcJ565z9NW4FfdiURS8JuEqm2,428b09f920a160e836a8e96c13f58d67,2000-01-01 00:00:00.000,2000-01-01 00:00:00.000
98507103,2021-09-26 22:01:31.000,mainnet,solana,88189092,7G9m9HdcUWZwNuehNd5XUTkMip7ANvw3h6yXLPzoRQLf,98507102,4ut51X8ouZiwLX6a7fEg8B3uKgbRvmykMJjmH2qKhhHr,27b8be847f73fbe7a93acd943e47f52b,2000-01-01 00:00:00.000,2000-01-01 00:00:00.000
98507104,2021-09-26 22:01:31.000,mainnet,solana,88189093,8odkM57pt7HbAUwD8cpfyqcHeDNf3R9cY7CczieZGPnJ,98507103,7G9m9HdcUWZwNuehNd5XUTkMip7ANvw3h6yXLPzoRQLf,a3f6444777f3ba40c11e82a7b024da04,2000-01-01 00:00:00.000,2000-01-01 00:00:00.000
98507105,2021-09-26 22:01:31.000,mainnet,solana,88189094,3UQKeFigqw62N6z5WL7jWSwv2xADZA4YSMFWapjtNHJa,98507104,8odkM57pt7HbAUwD8cpfyqcHeDNf3R9cY7CczieZGPnJ,452190416f6ff0fd81ea4e26171049f5,2000-01-01 00:00:00.000,2000-01-01 00:00:00.000
98507107,2021-09-26 22:01:32.000,mainnet,solana,88189096,6y3G13kLsnae3pxax1t6YGaLkCHAnUroXKMj3ktiCrY4,98507106,DZXXXANJKcx5ReKaot2W2ewJcJMgyEJErYRmb7GDDKPw,10700cfd25bcca7bd6b3d1e3a2feba4d,2000-01-01 00:00:00.000,2000-01-01 00:00:00.000
98507108,2021-09-26 22:01:33.000,mainnet,solana,88189097,Ch9VmnENwEF51bHyjXCcjnFYKuAwX82kC7X9DD3FG4xW,98507107,6y3G13kLsnae3pxax1t6YGaLkCHAnUroXKMj3ktiCrY4,37467cedcef9f396d13197992527cc85,2000-01-01 00:00:00.000,2000-01-01 00:00:00.000
98507109,2021-09-26 22:01:34.000,mainnet,solana,88189098,66nshQCeC1qMJtHqeEzdvZKiyUFkXBpDqu6EqHbnLHEE,98507108,Ch9VmnENwEF51bHyjXCcjnFYKuAwX82kC7X9DD3FG4xW,2daf1e4c825cbdd812938bac2705fb65,2000-01-01 00:00:00.000,2000-01-01 00:00:00.000
98507110,2021-09-26 22:01:34.000,mainnet,solana,88189099,EccxgWehBqyb33HsBhszsSmqhfxGGSPbrngjVgkTvYmd,98507109,66nshQCeC1qMJtHqeEzdvZKiyUFkXBpDqu6EqHbnLHEE,0028b289288434d9c4ecf60090969d00,2000-01-01 00:00:00.000,2000-01-01 00:00:00.000
98507111,2021-09-26 22:01:34.000,mainnet,solana,88189100,E9eMdiCRy4g4CtPhM6UVovWqQxELnLE3LSdeESsRjxD5,98507110,EccxgWehBqyb33HsBhszsSmqhfxGGSPbrngjVgkTvYmd,3d1dc858546fca193d2dfac7540b3496,2000-01-01 00:00:00.000,2000-01-01 00:00:00.000
98507112,2021-09-26 22:01:35.000,mainnet,solana,88189101,BCrjUMNPf53DYcNYsG9y4rspC1cHYzmvuC6YQiZFmvpx,98507111,E9eMdiCRy4g4CtPhM6UVovWqQxELnLE3LSdeESsRjxD5,83078c620c65712090651fd5da5d5080,2000-01-01 00:00:00.000,2000-01-01 00:00:00.000
98507115,2021-09-26 22:01:36.000,mainnet,solana,88189104,3ARs1Q5zwdEQfnJQoVXBummcNRhRXD4uh6DhyBik6mUj,98507114,DKMYShZQKxN4DLVVGi5rfZeNF2SvzzzR73HXdKrisUTu,7ffb4730037abd78c61305e75221ce3c,2000-01-01 00:00:00.000,2000-01-01 00:00:00.000
98507202,2021-09-26 22:02:21.000,mainnet,solana,88189191,Hd3Sx15tyP9BpbQTKCkzNBAJ2m77wqVDTwivCxhnNYtR,98507201,8buDVGpTR22SX5yHmvUUGorfJdzj8Si4iYozsyGowbtD,220b018fddbfde7450292357b3dbb10f,2000-01-01 00:00:00.000,2000-01-01 00:00:00.000
98507137,2021-09-26 22:01:46.000,mainnet,solana,88189126,6wWEkn4pxGpEuga4Y8P2VtfuV3iybeBpYkMUoL89am1d,98507136,GgPFePzQdkpqC9vnAnXXBJpZNBGCSHst9vPhfznwyYim,92026078f8863e7ba0cc9a07deaa794e,2000-01-01 00:00:00.000,2000-01-01 00:00:00.000
98507187,2021-09-26 22:02:14.000,mainnet,solana,88189176,A7Ed9SftsqsnZvCQzvmsbRL9QF1ecS9r2Zc5Fhbtb9JM,98507186,CuDLDNc3htmLXEF13Mua6NDjaHMB9K2uQuRXFp53cRDX,c84cc4640bcdeb06a1339b8faa0e38dc,2000-01-01 00:00:00.000,2000-01-01 00:00:00.000
98507188,2021-09-26 22:02:14.000,mainnet,solana,88189177,B6TnUWBa2X95N6qMBeJtyusaDJx8SHSDSKKS7TrfhjzE,98507187,A7Ed9SftsqsnZvCQzvmsbRL9QF1ecS9r2Zc5Fhbtb9JM,b21da25a91e6017a532111cfaf5cf1f4,2000-01-01 00:00:00.000,2000-01-01 00:00:00.000
98507191,2021-09-26 22:02:16.000,mainnet,solana,88189180,3cgcHpXDXRpjttBdjcQPRrCJ2Xj52LPDaAMRVTxyA3nw,98507190,EbddKwg2Ped9AcxauTiLi7vV6hcaiYPY1FnbaPhEaYWa,ec5038e08dda576b0c36a476970ec41a,2000-01-01 00:00:00.000,2000-01-01 00:00:00.000
98507192,2021-09-26 22:02:16.000,mainnet,solana,88189181,7fbxrF8PrB1rqa3237unDKH1NpaAnM8rQFjbm18sMm9A,98507191,3cgcHpXDXRpjttBdjcQPRrCJ2Xj52LPDaAMRVTxyA3nw,7457f48ef2e8b81ae76a43d85d000246,2000-01-01 00:00:00.000,2000-01-01 00:00:00.000
98507193,2021-09-26 22:02:16.000,mainnet,solana,88189182,GHDt3Fuphy7XoQ46AwxqDDvc9f5fxRsNfWxUyuZ7ALfN,98507192,7fbxrF8PrB1rqa3237unDKH1NpaAnM8rQFjbm18sMm9A,6fc4f91527e219c6806cf00eda0bb289,2000-01-01 00:00:00.000,2000-01-01 00:00:00.000
98507194,2021-09-26 22:02:17.000,mainnet,solana,88189183,HQM4nwNknW1dkP19Jcg7MhGUiCFhCtCmfK7gujdmjMo4,98507193,GHDt3Fuphy7XoQ46AwxqDDvc9f5fxRsNfWxUyuZ7ALfN,454af49e338922ef8d37a6f662417a82,2000-01-01 00:00:00.000,2000-01-01 00:00:00.000
98507195,2021-09-26 22:02:18.000,mainnet,solana,88189184,BqbmJc3PhGRRbpaes9nTStDuHDve9fR4eKBse8eYEvh6,98507194,HQM4nwNknW1dkP19Jcg7MhGUiCFhCtCmfK7gujdmjMo4,f199353fb27667adcbd2249b639a86bd,2000-01-01 00:00:00.000,2000-01-01 00:00:00.000
98507196,2021-09-26 22:02:18.000,mainnet,solana,88189185,AumrEvipxVciPJXxTrdzW3SCBrBkNewAuAd196hFJANi,98507195,BqbmJc3PhGRRbpaes9nTStDuHDve9fR4eKBse8eYEvh6,34b4bca3acb10d8718663e467b5ba972,2000-01-01 00:00:00.000,2000-01-01 00:00:00.000
98507197,2021-09-26 22:02:18.000,mainnet,solana,88189186,Ceno18PcQx9wL2AsLVUMwWA73TwgcpYJHGgAaQMzC4PR,98507196,AumrEvipxVciPJXxTrdzW3SCBrBkNewAuAd196hFJANi,7d0262bf9370cd589082025bfd9cc365,2000-01-01 00:00:00.000,2000-01-01 00:00:00.000
98507198,2021-09-26 22:02:19.000,mainnet,solana,88189187,G6R8iF78U66qAYfxypYHbHca1u96ujMY6dgG3Qbgqsp5,98507197,Ceno18PcQx9wL2AsLVUMwWA73TwgcpYJHGgAaQMzC4PR,aa281d25c540a9d901ba01456c3a5028,2000-01-01 00:00:00.000,2000-01-01 00:00:00.000
98507199,2021-09-26 22:02:21.000,mainnet,solana,88189188,7icY74cF2woxpHiAV2yub7BCRZn9QcpWqshFv6RaWuop,98507198,G6R8iF78U66qAYfxypYHbHca1u96ujMY6dgG3Qbgqsp5,37c644cb764da977d5990dde976cad00,2000-01-01 00:00:00.000,2000-01-01 00:00:00.000
98507201,2021-09-26 22:02:21.000,mainnet,solana,88189190,8buDVGpTR22SX5yHmvUUGorfJdzj8Si4iYozsyGowbtD,98507200,A8eJoZxWATH6CWqc6UK1ArtmoeJhs1QaxeDahaRYCEUq,0bc4296f1cefe50a553256cab036d4db,2000-01-01 00:00:00.000,2000-01-01 00:00:00.000
98507185,2021-09-26 22:02:12.000,mainnet,solana,88189174,BRz558oi8EQtUCDkaN8q5X8ivc384PobFw4eQ1EWbZY4,98507184,Bmy89sdzFs8frW7nRRRKoxhNyF4isUcu2TKVEAuqiyU9,c730ae10820d36ced0da69c97ecd6d2f,2000-01-01 00:00:00.000,2000-01-01 00:00:00.000
98507204,2021-09-26 22:02:22.000,mainnet,solana,88189193,FzWCmnfXybMKQkRCX9Wg38iCj5C7JtxTTYkpH9GkY8TS,98507203,8gXN5sJSVYVETS68NqG9kqmhmJepmqRkd3FHyVghJje4,29591d268d03c980b1d4ce4f93a24c37,2000-01-01 00:00:00.000,2000-01-01 00:00:00.000
98507186,2021-09-26 22:02:13.000,mainnet,solana,88189175,CuDLDNc3htmLXEF13Mua6NDjaHMB9K2uQuRXFp53cRDX,98507185,BRz558oi8EQtUCDkaN8q5X8ivc384PobFw4eQ1EWbZY4,5cf8b403ac990ba3296e93c584b67cca,2000-01-01 00:00:00.000,2000-01-01 00:00:00.000
98507138,2021-09-26 22:01:46.000,mainnet,solana,88189127,4dWFN7DsQBhtSzGaZnAUgdKSyKNvK7EcE5aKuPMtBjqK,98507137,6wWEkn4pxGpEuga4Y8P2VtfuV3iybeBpYkMUoL89am1d,37cfa0f731dcf1b38318123b7a272882,2000-01-01 00:00:00.000,2000-01-01 00:00:00.000
98507139,2021-09-26 22:01:47.000,mainnet,solana,88189128,FETuWdry4Ep1yUkCTRDqfuvQv7Zg4gWSDMXDV5vkMpHK,98507138,4dWFN7DsQBhtSzGaZnAUgdKSyKNvK7EcE5aKuPMtBjqK,9277b6897890c52e8e6cf03dd28c3fe9,2000-01-01 00:00:00.000,2000-01-01 00:00:00.000
98507140,2021-09-26 22:01:47.000,mainnet,solana,88189129,71fkdtxVb3uPXbZp6bG2HUk7TWcyEr941R9Kfytemc8k,98507139,FETuWdry4Ep1yUkCTRDqfuvQv7Zg4gWSDMXDV5vkMpHK,dfbec36ea4d119278931a42769f9cfb0,2000-01-01 00:00:00.000,2000-01-01 00:00:00.000
98507141,2021-09-26 22:01:48.000,mainnet,solana,88189130,2XpMgNWVFXMKFrw7mqJqZZnoPZv6LYrsLFVZGy6AN5hR,98507140,71fkdtxVb3uPXbZp6bG2HUk7TWcyEr941R9Kfytemc8k,afb70001295735e3c29e3ada912ee8a0,2000-01-01 00:00:00.000,2000-01-01 00:00:00.000
98507142,2021-09-26 22:01:48.000,mainnet,solana,88189131,CRS8pimxZjwEG6WdtiiigZjyg89BA1MhH29mMXYostjE,98507141,2XpMgNWVFXMKFrw7mqJqZZnoPZv6LYrsLFVZGy6AN5hR,ee54a76a4d3901e52f2899f5c3baa0b6,2000-01-01 00:00:00.000,2000-01-01 00:00:00.000
98507143,2021-09-26 22:01:48.000,mainnet,solana,88189132,3sJShxtkaUrniPWNSTREU3JhZ9RcktNbzxNBL3bwEvih,98507142,CRS8pimxZjwEG6WdtiiigZjyg89BA1MhH29mMXYostjE,7495b7783c1a8c303bf090224bd683a3,2000-01-01 00:00:00.000,2000-01-01 00:00:00.000
98507144,2021-09-26 22:01:49.000,mainnet,solana,88189133,nfSy8wqGmPVFx5tzrc4Ap1nFXBZBQm5EsTyyxxrS3WS,98507143,3sJShxtkaUrniPWNSTREU3JhZ9RcktNbzxNBL3bwEvih,a0b7d50e13d84724ebabbd8820260769,2000-01-01 00:00:00.000,2000-01-01 00:00:00.000
98507145,2021-09-26 22:01:50.000,mainnet,solana,88189134,dJXsEQKkJaBVe998uDP6W8WxMHperPBLbXXxpBjLavm,98507144,nfSy8wqGmPVFx5tzrc4Ap1nFXBZBQm5EsTyyxxrS3WS,2b875dee9e132ee71badefb5e962200c,2000-01-01 00:00:00.000,2000-01-01 00:00:00.000
98507146,2021-09-26 22:01:50.000,mainnet,solana,88189135,HebPJwMrKPJmZ5vEjoGpV5ZoqFvsmvpDH7WR4kU9k8Gk,98507145,dJXsEQKkJaBVe998uDP6W8WxMHperPBLbXXxpBjLavm,b0bf47ebb1b2fa228af9208325b67d6d,2000-01-01 00:00:00.000,2000-01-01 00:00:00.000
98507148,2021-09-26 22:01:51.000,mainnet,solana,88189137,HQUaFNx7ufmeYLR2My3dxdHfNBTkM6oQhma4SrXmQY7d,98507147,9kLNERbHsv9JdGSnB6Sg45yjSVVohhoyioJ6b4dsNjUL,32970701e1e9b650b165cc4c9da3e1fc,2000-01-01 00:00:00.000,2000-01-01 00:00:00.000
98507149,2021-09-26 22:01:52.000,mainnet,solana,88189138,37HWvUTsPvakkBVkVEQ3Ct6d1Z8bdDBnmDm7Y9qnZnfw,98507148,HQUaFNx7ufmeYLR2My3dxdHfNBTkM6oQhma4SrXmQY7d,84ad23c71eb1d75d0a5393f01dbd1f26,2000-01-01 00:00:00.000,2000-01-01 00:00:00.000
98507098,2021-09-26 22:01:27.000,mainnet,solana,88189087,ApdshFQwPJiLDfwfovQ3h5aWiABRKTRdni7CjZGwHqAd,98507097,9rczKNJi7NHjczaiH5zpxAE2JbwWyPYfFePJmEEtsnfg,7ad79c221655771f69d6cda100faba71,2000-01-01 00:00:00.000,2000-01-01 00:00:00.000
98507082,2021-09-26 22:01:18.000,mainnet,solana,88189071,3Uq7KaCbZcmUb8pkFFrXGf1kP2qi5YDyPCgCcDaWHQr5,98507081,7hFrS32zSAhzmAWdfuVR3u1zk9bmnBTPVErpQUmXEnho,f893c821cd53a8e42508596bc8149e67,2000-01-01 00:00:00.000,2000-01-01 00:00:00.000
98507083,2021-09-26 22:01:18.000,mainnet,solana,88189072,7eZ6sW9DjB1HkRzNKUDyLYQ11NqiCpEa38cB1A8E7NRo,98507082,3Uq7KaCbZcmUb8pkFFrXGf1kP2qi5YDyPCgCcDaWHQr5,1a4947d7e960b8d53b1a89591ae27b57,2000-01-01 00:00:00.000,2000-01-01 00:00:00.000
98507084,2021-09-26 22:01:18.000,mainnet,solana,88189073,9MuT7qPjwnvGPsuU9opxFsjofspnMhU1dhWSqaRhhKrW,98507083,7eZ6sW9DjB1HkRzNKUDyLYQ11NqiCpEa38cB1A8E7NRo,8f8f0e0b91675f3709b2dacdaa9019b0,2000-01-01 00:00:00.000,2000-01-01 00:00:00.000
98507085,2021-09-26 22:01:18.000,mainnet,solana,88189074,BjYexJXj8kbDqdDbB8ZjVGukwnAUhs3naxnaoD1RgdUV,98507084,9MuT7qPjwnvGPsuU9opxFsjofspnMhU1dhWSqaRhhKrW,4d06c4ef49100ef5968e01e6a695ba77,2000-01-01 00:00:00.000,2000-01-01 00:00:00.000
98507086,2021-09-26 22:01:19.000,mainnet,solana,88189075,Ch22XhTna4WW6RXK5K9h42jzPaM5b8386zJ3QbiXkNiS,98507085,BjYexJXj8kbDqdDbB8ZjVGukwnAUhs3naxnaoD1RgdUV,674dcf067968da245e1bf917f7802e06,2000-01-01 00:00:00.000,2000-01-01 00:00:00.000
98507087,2021-09-26 22:01:21.000,mainnet,solana,88189076,7MjrLgRJWoxwPaqWBmQxrGEkgKznkZnJK4jHJNAh5BVo,98507086,Ch22XhTna4WW6RXK5K9h42jzPaM5b8386zJ3QbiXkNiS,e7c817b22ff600bd4d8db9a883db31b9,2000-01-01 00:00:00.000,2000-01-01 00:00:00.000
98507088,2021-09-26 22:01:21.000,mainnet,solana,88189077,2zpwasxPZZakdVp9nnib7Ja5F8LDaapurBV2irLQ3q4V,98507087,7MjrLgRJWoxwPaqWBmQxrGEkgKznkZnJK4jHJNAh5BVo,9783f6e1489b94ed20c234442f65938a,2000-01-01 00:00:00.000,2000-01-01 00:00:00.000
98507089,2021-09-26 22:01:21.000,mainnet,solana,88189078,oMci6gegBhcJ5ty39aJNuuhVeFawX18Q9QMpVo2xkG1,98507088,2zpwasxPZZakdVp9nnib7Ja5F8LDaapurBV2irLQ3q4V,a434ac275d9a590feb35cd5a0401a20a,2000-01-01 00:00:00.000,2000-01-01 00:00:00.000
98507090,2021-09-26 22:01:22.000,mainnet,solana,88189079,F9bkUgSv64WL4DtCsY2229TFSwxQUUjDRpAQw7Mh9yXG,98507089,oMci6gegBhcJ5ty39aJNuuhVeFawX18Q9QMpVo2xkG1,45db763279413c1063352de1818948b1,2000-01-01 00:00:00.000,2000-01-01 00:00:00.000
98507091,2021-09-26 22:01:24.000,mainnet,solana,88189080,J6rLaGJA59nPZtFWS5go9pfFBzZhkr18QRz9BthEqWh9,98507090,F9bkUgSv64WL4DtCsY2229TFSwxQUUjDRpAQw7Mh9yXG,7bbc51b3975a8ddb53b82bb2751af504,2000-01-01 00:00:00.000,2000-01-01 00:00:00.000
98507092,2021-09-26 22:01:24.000,mainnet,solana,88189081,93PxFijezq9nyJ4ECsCNHhTModUTHnfrLRJe5NAXdH6M,98507091,J6rLaGJA59nPZtFWS5go9pfFBzZhkr18QRz9BthEqWh9,69d3ca78cc5a0ea04aad4229877338ef,2000-01-01 00:00:00.000,2000-01-01 00:00:00.000
98507093,2021-09-26 22:01:24.000,mainnet,solana,88189082,7tvBsvJ1kRfRzJFd9Sf9JxhifF6ZEtBVqAzNevN7ar1p,98507092,93PxFijezq9nyJ4ECsCNHhTModUTHnfrLRJe5NAXdH6M,c2aba9d8eaf032ffe9b3d54a15e65bfe,2000-01-01 00:00:00.000,2000-01-01 00:00:00.000
98507096,2021-09-26 22:01:26.000,mainnet,solana,88189085,GmSSYXGNWvUsBA9QR5vJHUHG2ijDghqF6Ls89PvtURtW,98507095,E8Vdp2WBQj7upUj13iLT9pUffGEQ4oVL49HbuwRqKAE7,bb363cae0b430f4c8905bd365cc0501b,2000-01-01 00:00:00.000,2000-01-01 00:00:00.000
98506683,2021-09-26 21:57:51.000,mainnet,solana,88188692,9XThkY14Rst23mkSzVAGsKy7WCAmp7bTec8krUj9RBji,98506682,9T6owEDbVLEC8ZbtzjvYp83cp19bRdhWnGHT7wJtC676,70ab427704f7800a72c78c1f5aa2f054,2000-01-01 00:00:00.000,2000-01-01 00:00:00.000
ï»¿